DATE,RELACBW027SBOG
1973-01-03,97.9791
1973-01-10,98.3093
1973-01-17,98.4812
1973-01-24,98.9166
1973-01-31,99.4067
1973-02-07,99.8355
1973-02-14,100.2693
1973-02-21,100.6111
1973-02-28,101.1084
1973-03-07,101.6831
1973-03-14,102.1350
1973-03-21,102.5493
1973-03-28,103.0670
1973-04-04,103.4126
1973-04-11,103.9326
1973-04-18,104.2378
1973-04-25,104.6765
1973-05-02,105.1033
1973-05-09,105.2364
1973-05-16,105.6099
1973-05-23,105.9499
1973-05-30,106.5089
1973-06-06,106.9616
1973-06-13,107.2464
1973-06-20,107.7048
1973-06-27,107.7781
1973-07-04,108.1552
1973-07-11,108.6949
1973-07-18,109.1329
1973-07-25,109.7460
1973-08-01,110.1272
1973-08-08,110.3912
1973-08-15,110.7754
1973-08-22,110.9988
1973-08-29,111.2792
1973-09-05,111.8673
1973-09-12,112.0111
1973-09-19,112.4951
1973-09-26,112.9274
1973-10-03,113.2933
1973-10-10,113.5626
1973-10-17,113.9333
1973-10-24,114.1362
1973-10-31,114.5306
1973-11-07,114.9725
1973-11-14,115.2326
1973-11-21,115.6574
1973-11-28,116.0115
1973-12-05,116.4108
1973-12-12,116.8520
1973-12-19,117.0751
1973-12-26,117.3033
1974-01-02,117.2789
1974-01-09,117.3434
1974-01-16,117.8818
1974-01-23,118.0561
1974-01-30,118.4819
1974-02-06,118.9065
1974-02-13,119.2375
1974-02-20,119.5378
1974-02-27,119.7476
1974-03-06,120.1315
1974-03-13,120.5762
1974-03-20,121.1908
1974-03-27,121.4220
1974-04-03,121.8765
1974-04-10,122.2584
1974-04-17,122.6429
1974-04-24,123.1774
1974-05-01,123.4663
1974-05-08,123.7347
1974-05-15,123.8753
1974-05-22,124.4028
1974-05-29,124.5291
1974-06-05,124.7153
1974-06-12,124.9865
1974-06-19,125.4212
1974-06-26,125.4985
1974-07-03,125.9604
1974-07-10,126.2821
1974-07-17,126.4981
1974-07-24,126.8141
1974-07-31,127.0105
1974-08-07,127.0220
1974-08-14,127.1945
1974-08-21,127.4929
1974-08-28,127.6363
1974-09-04,127.6896
1974-09-11,127.7413
1974-09-18,128.0585
1974-09-25,128.1990
1974-10-02,128.1382
1974-10-09,128.2893
1974-10-16,128.5461
1974-10-23,128.8510
1974-10-30,128.9132
1974-11-06,128.9769
1974-11-13,129.0387
1974-11-20,129.1178
1974-11-27,129.5663
1974-12-04,129.5620
1974-12-11,129.7841
1974-12-18,129.7547
1974-12-25,129.9542
1975-01-01,129.7864
1975-01-08,129.8092
1975-01-15,129.8958
1975-01-22,130.1581
1975-01-29,130.2044
1975-02-05,130.2685
1975-02-12,130.5318
1975-02-19,130.7586
1975-02-26,130.7662
1975-03-05,130.9764
1975-03-12,131.1453
1975-03-19,131.1666
1975-03-26,131.2286
1975-04-02,131.3746
1975-04-09,131.5268
1975-04-16,131.7177
1975-04-23,131.6591
1975-04-30,131.7285
1975-05-07,131.7310
1975-05-14,131.5873
1975-05-21,131.7198
1975-05-28,131.7503
1975-06-04,131.9674
1975-06-11,131.8935
1975-06-18,131.9048
1975-06-25,131.8626
1975-07-02,131.6200
1975-07-09,131.8732
1975-07-16,131.7986
1975-07-23,131.7882
1975-07-30,131.8917
1975-08-06,132.0301
1975-08-13,131.9197
1975-08-20,131.8964
1975-08-27,131.8315
1975-09-03,132.0390
1975-09-10,132.0305
1975-09-17,131.9961
1975-09-24,132.1470
1975-10-01,132.4404
1975-10-08,132.6435
1975-10-15,132.7120
1975-10-22,133.0090
1975-10-29,133.0508
1975-11-05,133.2034
1975-11-12,133.1928
1975-11-19,133.3117
1975-11-26,133.5450
1975-12-03,133.7733
1975-12-10,133.9585
1975-12-17,133.9730
1975-12-24,134.3205
1975-12-31,134.2608
1976-01-07,134.7015
1976-01-14,134.8801
1976-01-21,135.0649
1976-01-28,135.3366
1976-02-04,135.5395
1976-02-11,135.7416
1976-02-18,136.3039
1976-02-25,136.8358
1976-03-03,137.0816
1976-03-10,137.4176
1976-03-17,137.7669
1976-03-24,138.1636
1976-03-31,138.9515
1976-04-07,139.2673
1976-04-14,139.7700
1976-04-21,140.0004
1976-04-28,140.3320
1976-05-05,140.4449
1976-05-12,140.6314
1976-05-19,140.9383
1976-05-26,141.3609
1976-06-02,141.3723
1976-06-09,141.4828
1976-06-16,141.6091
1976-06-23,141.6365
1976-06-30,141.8282
1976-07-07,141.9572
1976-07-14,142.3312
1976-07-21,142.7475
1976-07-28,143.0753
1976-08-04,143.2433
1976-08-11,143.5023
1976-08-18,143.7377
1976-08-25,143.9962
1976-09-01,144.1300
1976-09-08,144.4000
1976-09-15,144.6918
1976-09-22,144.8392
1976-09-29,145.1675
1976-10-06,145.5173
1976-10-13,145.7502
1976-10-20,146.1131
1976-10-27,146.4693
1976-11-03,146.6924
1976-11-10,146.7989
1976-11-17,147.2218
1976-11-24,147.5593
1976-12-01,147.8801
1976-12-08,148.2930
1976-12-15,148.4669
1976-12-22,148.7479
1976-12-29,148.6125
1977-01-05,148.6001
1977-01-12,149.1078
1977-01-19,149.6348
1977-01-26,150.2287
1977-02-02,150.6041
1977-02-09,151.0794
1977-02-16,151.6911
1977-02-23,151.9532
1977-03-02,152.5143
1977-03-09,152.8419
1977-03-16,153.5020
1977-03-23,154.0355
1977-03-30,154.4847
1977-04-06,154.9646
1977-04-13,155.6237
1977-04-20,156.2398
1977-04-27,156.8501
1977-05-04,157.3582
1977-05-11,157.9297
1977-05-18,158.5051
1977-05-25,159.1505
1977-06-01,159.6369
1977-06-08,159.9853
1977-06-15,160.5451
1977-06-22,160.9576
1977-06-29,161.1484
1977-07-06,161.5954
1977-07-13,162.5671
1977-07-20,163.1842
1977-07-27,163.7149
1977-08-03,164.2707
1977-08-10,165.2779
1977-08-17,165.5437
1977-08-24,165.9166
1977-08-31,166.3822
1977-09-07,166.6278
1977-09-14,167.1827
1977-09-21,167.5950
1977-09-28,168.4842
1977-10-05,168.7211
1977-10-12,169.6343
1977-10-19,170.2625
1977-10-26,171.0548
1977-11-02,171.4667
1977-11-09,171.7879
1977-11-16,172.5625
1977-11-23,173.4137
1977-11-30,173.8957
1977-12-07,174.2038
1977-12-14,174.4011
1977-12-21,175.4939
1977-12-28,175.7545
1978-01-04,176.0376
1978-01-11,177.0140
1978-01-18,177.5768
1978-01-25,178.3577
1978-02-01,179.0591
1978-02-08,179.5390
1978-02-15,180.0352
1978-02-22,180.6936
1978-03-01,181.3378
1978-03-08,182.0152
1978-03-15,182.6623
1978-03-22,183.3389
1978-03-29,183.8810
1978-04-05,184.2066
1978-04-12,185.1308
1978-04-19,185.9171
1978-04-26,186.6144
1978-05-03,187.5092
1978-05-10,188.1403
1978-05-17,188.7830
1978-05-24,189.4508
1978-05-31,190.1351
1978-06-07,191.0136
1978-06-14,191.7380
1978-06-21,192.5854
1978-06-28,192.7938
1978-07-05,193.1329
1978-07-12,194.1954
1978-07-19,195.0154
1978-07-26,196.0449
1978-08-02,196.5921
1978-08-09,197.4472
1978-08-16,198.0464
1978-08-23,198.7272
1978-08-30,199.3413
1978-09-06,199.9622
1978-09-13,200.4971
1978-09-20,201.1455
1978-09-27,201.9035
1978-10-04,202.7917
1978-10-11,203.6779
1978-10-18,204.4273
1978-10-25,205.2363
1978-11-01,205.9021
1978-11-08,206.6251
1978-11-15,207.2476
1978-11-22,207.8861
1978-11-29,208.5347
1978-12-06,209.6097
1978-12-13,210.0563
1978-12-20,210.7129
1978-12-27,211.1981
1979-01-03,210.7233
1979-01-10,211.4863
1979-01-17,211.6453
1979-01-24,212.5069
1979-01-31,212.6678
1979-02-07,212.9733
1979-02-14,213.4408
1979-02-21,213.7479
1979-02-28,214.3533
1979-03-07,214.8574
1979-03-14,215.0863
1979-03-21,215.5775
1979-03-28,216.4533
1979-04-04,216.9631
1979-04-11,217.4468
1979-04-18,218.1074
1979-04-25,218.6493
1979-05-02,219.1415
1979-05-09,219.7018
1979-05-16,220.1707
1979-05-23,221.0361
1979-05-30,221.5914
1979-06-06,222.5168
1979-06-13,223.0921
1979-06-20,223.8848
1979-06-27,225.1831
1979-07-04,226.2816
1979-07-11,227.2367
1979-07-18,228.1655
1979-07-25,228.9688
1979-08-01,229.1884
1979-08-08,230.0080
1979-08-15,230.6045
1979-08-22,231.2095
1979-08-29,231.8024
1979-09-05,232.3468
1979-09-12,233.3106
1979-09-19,234.0127
1979-09-26,234.7018
1979-10-03,235.4830
1979-10-10,236.0549
1979-10-17,236.6757
1979-10-24,237.2763
1979-10-31,238.1437
1979-11-07,238.4399
1979-11-14,238.7824
1979-11-21,239.4205
1979-11-28,240.0893
1979-12-05,240.4577
1979-12-12,241.2414
1979-12-19,242.0165
1979-12-26,241.8818
1980-01-02,242.7301
1980-01-09,243.3587
1980-01-16,243.7789
1980-01-23,244.6175
1980-01-30,244.7958
1980-02-06,246.2460
1980-02-13,246.5933
1980-02-20,247.2034
1980-02-27,247.7396
1980-03-05,248.0815
1980-03-12,248.5375
1980-03-19,248.9649
1980-03-26,249.0542
1980-04-02,250.4917
1980-04-09,250.5335
1980-04-16,250.6496
1980-04-23,250.6384
1980-04-30,250.9648
1980-05-07,250.9960
1980-05-14,251.0798
1980-05-21,251.3653
1980-05-28,251.7199
1980-06-04,251.6537
1980-06-11,251.6191
1980-06-18,251.9174
1980-06-25,252.2259
1980-07-02,252.8946
1980-07-09,253.1414
1980-07-16,253.4512
1980-07-23,253.7688
1980-07-30,254.2395
1980-08-06,254.3562
1980-08-13,254.8283
1980-08-20,255.1222
1980-08-27,255.4100
1980-09-03,255.6664
1980-09-10,255.8507
1980-09-17,255.9811
1980-09-24,256.7227
1980-10-01,256.9572
1980-10-08,257.7434
1980-10-15,258.0201
1980-10-22,258.5511
1980-10-29,259.0971
1980-11-05,259.8348
1980-11-12,260.2488
1980-11-19,260.7359
1980-11-26,260.9527
1980-12-03,261.3673
1980-12-10,261.7596
1980-12-17,262.1190
1980-12-24,262.7584
1980-12-31,262.8890
1981-01-07,262.9241
1981-01-14,263.7087
1981-01-21,263.7034
1981-01-28,264.4588
1981-02-04,264.4425
1981-02-11,264.6694
1981-02-18,265.2804
1981-02-25,265.4737
1981-03-04,266.1843
1981-03-11,266.5460
1981-03-18,266.8188
1981-03-25,267.0716
1981-04-01,267.3705
1981-04-08,268.1669
1981-04-15,268.2574
1981-04-22,268.8998
1981-04-29,269.1547
1981-05-06,269.9827
1981-05-13,270.6982
1981-05-20,271.4091
1981-05-27,271.9375
1981-06-03,272.6909
1981-06-10,273.2005
1981-06-17,273.6347
1981-06-24,273.9034
1981-07-01,273.1451
1981-07-08,273.8998
1981-07-15,274.2587
1981-07-22,274.9750
1981-07-29,275.7865
1981-08-05,276.0144
1981-08-12,276.6101
1981-08-19,276.9494
1981-08-26,277.5669
1981-09-02,278.1666
1981-09-09,278.4148
1981-09-16,278.5816
1981-09-23,278.8813
1981-09-30,279.1981
1981-10-07,279.7122
1981-10-14,279.8777
1981-10-21,280.2049
1981-10-28,280.6154
1981-11-04,280.6085
1981-11-11,281.2032
1981-11-18,281.7136
1981-11-25,281.9402
1981-12-02,282.4171
1981-12-09,282.7140
1981-12-16,283.1961
1981-12-23,283.6831
1981-12-30,284.9380
1982-01-06,284.6345
1982-01-13,285.0562
1982-01-20,285.4589
1982-01-27,285.8618
1982-02-03,286.2405
1982-02-10,286.7140
1982-02-17,286.9951
1982-02-24,288.6221
1982-03-03,289.1762
1982-03-10,289.5946
1982-03-17,290.0627
1982-03-24,290.1767
1982-03-31,291.4357
1982-04-07,291.4528
1982-04-14,291.4089
1982-04-21,291.9179
1982-04-28,292.1619
1982-05-05,293.0890
1982-05-12,293.3810
1982-05-19,293.6676
1982-05-26,294.1954
1982-06-02,294.8532
1982-06-09,295.1910
1982-06-16,295.5294
1982-06-23,295.9892
1982-06-30,296.1034
1982-07-07,295.6259
1982-07-14,295.8268
1982-07-21,295.9061
1982-07-28,296.1124
1982-08-04,296.8019
1982-08-11,296.8921
1982-08-18,296.9287
1982-08-25,297.1038
1982-09-01,297.6727
1982-09-08,297.7817
1982-09-15,297.4673
1982-09-22,298.0047
1982-09-29,298.5424
1982-10-06,298.3264
1982-10-13,298.5633
1982-10-20,298.7694
1982-10-27,298.8788
1982-11-03,298.8175
1982-11-10,299.0601
1982-11-17,299.1939
1982-11-24,299.6426
1982-12-01,299.2574
1982-12-08,299.6182
1982-12-15,299.3310
1982-12-22,300.0611
1982-12-29,299.3948
1983-01-05,300.5748
1983-01-12,301.9044
1983-01-19,302.3876
1983-01-26,302.7594
1983-02-02,302.5145
1983-02-09,302.6813
1983-02-16,303.3558
1983-02-23,303.2588
1983-03-02,303.6891
1983-03-09,304.0409
1983-03-16,304.2308
1983-03-23,303.8103
1983-03-30,305.1297
1983-04-06,306.3127
1983-04-13,305.7110
1983-04-20,306.0747
1983-04-27,306.6050
1983-05-04,307.0301
1983-05-11,307.6189
1983-05-18,308.2477
1983-05-25,308.9114
1983-06-01,309.3609
1983-06-08,309.8838
1983-06-15,310.7070
1983-06-22,311.0076
1983-06-29,311.6062
1983-07-06,312.9557
1983-07-13,313.5253
1983-07-20,314.2317
1983-07-27,314.9563
1983-08-03,315.8109
1983-08-10,316.2955
1983-08-17,316.8740
1983-08-24,317.5736
1983-08-31,318.7414
1983-09-07,319.6592
1983-09-14,320.3514
1983-09-21,320.9827
1983-09-28,321.3955
1983-10-05,322.0184
1983-10-12,322.9993
1983-10-19,324.2219
1983-10-26,325.3339
1983-11-02,325.5463
1983-11-09,326.2515
1983-11-16,327.0021
1983-11-23,328.0087
1983-11-30,328.7657
1983-12-07,329.3757
1983-12-14,329.7525
1983-12-21,330.8247
1983-12-28,330.8343
1984-01-04,331.8063
1984-01-11,332.6775
1984-01-18,333.6761
1984-01-25,334.3488
1984-02-01,335.4649
1984-02-08,336.2066
1984-02-15,337.0945
1984-02-22,338.0660
1984-02-29,339.3558
1984-03-07,340.1729
1984-03-14,341.6386
1984-03-21,342.1270
1984-03-28,342.6826
1984-04-04,345.3860
1984-04-11,345.0038
1984-04-18,346.0281
1984-04-25,346.9278
1984-05-02,347.6211
1984-05-09,348.4173
1984-05-16,349.1475
1984-05-23,350.4740
1984-05-30,351.2362
1984-06-06,352.0575
1984-06-13,353.1092
1984-06-20,354.1075
1984-06-27,354.7606
1984-07-04,355.3235
1984-07-11,356.3884
1984-07-18,357.0842
1984-07-25,357.5243
1984-08-01,358.9443
1984-08-08,359.2500
1984-08-15,360.0201
1984-08-22,361.2216
1984-08-29,362.0338
1984-09-05,362.1143
1984-09-12,364.2591
1984-09-19,365.3707
1984-09-26,365.9115
1984-10-03,365.6458
1984-10-10,366.7732
1984-10-17,367.5111
1984-10-24,367.8221
1984-10-31,369.2691
1984-11-07,370.7218
1984-11-14,371.7519
1984-11-21,372.4869
1984-11-28,373.9040
1984-12-05,374.9220
1984-12-12,375.7925
1984-12-19,376.4493
1984-12-26,377.0742
1985-01-02,376.7429
1985-01-09,377.6931
1985-01-16,378.3817
1985-01-23,379.5600
1985-01-30,380.7420
1985-02-06,381.1811
1985-02-13,382.2096
1985-02-20,383.4438
1985-02-27,384.9180
1985-03-06,386.1243
1985-03-13,387.1292
1985-03-20,386.5191
1985-03-27,386.3719
1985-04-03,390.991
1985-04-10,390.6487
1985-04-17,389.7866
1985-04-24,390.6999
1985-05-01,391.0171
1985-05-08,392.4298
1985-05-15,394.1541
1985-05-22,394.9873
1985-05-29,395.8908
1985-06-05,396.3519
1985-06-12,396.7088
1985-06-19,397.2368
1985-06-26,398.6221
1985-07-03,399.6034
1985-07-10,399.6087
1985-07-17,400.9088
1985-07-24,401.9654
1985-07-31,402.5721
1985-08-07,403.4328
1985-08-14,404.463
1985-08-21,405.5051
1985-08-28,406.6011
1985-09-04,407.3797
1985-09-11,408.8238
1985-09-18,409.3264
1985-09-25,410.9617
1985-10-02,412.1107
1985-10-09,413.1515
1985-10-16,413.874
1985-10-23,414.895
1985-10-30,415.8748
1985-11-06,416.7311
1985-11-13,417.62
1985-11-20,419.221
1985-11-27,419.8163
1985-12-04,420.888
1985-12-11,421.9978
1985-12-18,423.2278
1985-12-25,423.2553
1986-01-01,424.4313
1986-01-08,425.6271
1986-01-15,426.5584
1986-01-22,427.7702
1986-01-29,429.4334
1986-02-05,430.1229
1986-02-12,430.7554
1986-02-19,432.0018
1986-02-26,434.035
1986-03-05,435.0642
1986-03-12,435.8487
1986-03-19,437.1006
1986-03-26,436.7216
1986-04-02,441.216
1986-04-09,441.4963
1986-04-16,441.1357
1986-04-23,442.2357
1986-04-30,443.0688
1986-05-07,444.804
1986-05-14,445.5103
1986-05-21,447.5005
1986-05-28,447.9337
1986-06-04,449.0407
1986-06-11,450.0835
1986-06-18,451.1967
1986-06-25,451.8453
1986-07-02,453.7001
1986-07-09,454.7407
1986-07-16,456.7993
1986-07-23,458.2048
1986-07-30,459.1954
1986-08-06,460.4705
1986-08-13,462.0852
1986-08-20,463.6722
1986-08-27,465.1278
1986-09-03,466.0758
1986-09-10,467.6548
1986-09-17,469.3252
1986-09-24,470.3489
1986-10-01,471.8566
1986-10-08,471.8555
1986-10-15,472.7645
1986-10-22,475.275
1986-10-29,475.3579
1986-11-05,476.4848
1986-11-12,477.6815
1986-11-19,478.8664
1986-11-26,480.7637
1986-12-03,483.5856
1986-12-10,485.9882
1986-12-17,488.4483
1986-12-24,492.7626
1986-12-31,498.9101
1987-01-07,500.3617
1987-01-14,501.9902
1987-01-21,503.4635
1987-01-28,504.5106
1987-02-04,505.8367
1987-02-11,506.9221
1987-02-18,508.6424
1987-02-25,509.4282
1987-03-04,512.7585
1987-03-11,514.1708
1987-03-18,516.4483
1987-03-25,516.4851
1987-04-01,522.1193
1987-04-08,523.5175
1987-04-15,524.2169
1987-04-22,525.2626
1987-04-29,526.2885
1987-05-06,528.5948
1987-05-13,530.3319
1987-05-20,532.7413
1987-05-27,533.717
1987-06-03,536.7718
1987-06-10,537.9079
1987-06-17,543.3346
1987-06-24,543.815
1987-07-01,545.2506
1987-07-08,547.1662
1987-07-15,549.4064
1987-07-22,549.5022
1987-07-29,552.5715
1987-08-05,553.1762
1987-08-12,554.612
1987-08-19,556.3301
1987-08-26,557.9556
1987-09-02,559.4067
1987-09-09,560.8369
1987-09-16,562.4752
1987-09-23,564.2771
1987-09-30,565.8345
1987-10-07,567.5486
1987-10-14,569.7284
1987-10-21,570.8982
1987-10-28,572.4992
1987-11-04,574.1558
1987-11-11,575.4239
1987-11-18,577.4564
1987-11-25,578.78
1987-12-02,581.1602
1987-12-09,582.0264
1987-12-16,585.0968
1987-12-23,587.2846
1987-12-30,588.252
1988-01-06,588.1748
1988-01-13,590.2676
1988-01-20,591.6373
1988-01-27,593.1007
1988-02-03,593.6011
1988-02-10,594.5219
1988-02-17,594.7679
1988-02-24,596.3163
1988-03-02,599.1166
1988-03-09,599.1801
1988-03-16,600.5955
1988-03-23,601.4824
1988-03-30,604.4681
1988-04-06,607.3054
1988-04-13,607.4408
1988-04-20,609.4364
1988-04-27,610.3034
1988-05-04,613.1038
1988-05-11,614.3009
1988-05-18,616.0044
1988-05-25,618.3528
1988-06-01,619.6406
1988-06-08,620.5568
1988-06-15,621.5589
1988-06-22,623.8781
1988-06-29,625.9262
1988-07-06,626.8239
1988-07-13,628.8886
1988-07-20,630.264
1988-07-27,632.1912
1988-08-03,633.1084
1988-08-10,634.8262
1988-08-17,636.8684
1988-08-24,638.5726
1988-08-31,640.8333
1988-09-07,640.6104
1988-09-14,642.3736
1988-09-21,645.2982
1988-09-28,646.9546
1988-10-05,648.8209
1988-10-12,650.3821
1988-10-19,651.5731
1988-10-26,652.3578
1988-11-02,653.0359
1988-11-09,654.9193
1988-11-16,656.2156
1988-11-23,658.1689
1988-11-30,658.9327
1988-12-07,659.4496
1988-12-14,660.6201
1988-12-21,663.2062
1988-12-28,664.901
1989-01-04,671.0853
1989-01-11,674.1924
1989-01-18,676.7388
1989-01-25,678.3211
1989-02-01,679.1184
1989-02-08,680.2748
1989-02-15,682.8251
1989-02-22,684.3016
1989-03-01,685.2518
1989-03-08,685.9814
1989-03-15,687.6553
1989-03-22,688.8745
1989-03-29,691.8135
1989-04-05,695.586
1989-04-12,696.3999
1989-04-19,698.7692
1989-04-26,700.2274
1989-05-03,700.6819
1989-05-10,702.132
1989-05-17,704.3052
1989-05-24,706.0008
1989-05-31,706.7155
1989-06-07,708.8384
1989-06-14,710.5916
1989-06-21,712.9585
1989-06-28,714.1335
1989-07-05,716.7107
1989-07-12,717.8886
1989-07-19,720.9008
1989-07-26,722.8159
1989-08-02,724.5575
1989-08-09,726.9969
1989-08-16,729.6126
1989-08-23,731.8458
1989-08-30,734.3992
1989-09-06,736.7659
1989-09-13,738.1819
1989-09-20,739.5565
1989-09-27,740.6357
1989-10-04,741.3511
1989-10-11,742.5867
1989-10-18,744.3478
1989-10-25,747.0077
1989-11-01,749.2513
1989-11-08,750.0592
1989-11-15,751.4853
1989-11-22,753.7424
1989-11-29,755.3461
1989-12-06,757.3663
1989-12-13,758.868
1989-12-20,760.2209
1989-12-27,761.946
1990-01-03,760.932
1990-01-10,763.2121
1990-01-17,764.8391
1990-01-24,768.084
1990-01-31,768.7242
1990-02-07,771.797
1990-02-14,773.5443
1990-02-21,775.9876
1990-02-28,777.497
1990-03-07,778.2601
1990-03-14,780.8565
1990-03-21,782.3225
1990-03-28,783.7283
1990-04-04,785.2458
1990-04-11,786.8687
1990-04-18,788.3116
1990-04-25,790.6548
1990-05-02,792.0761
1990-05-09,794.2978
1990-05-16,796.1713
1990-05-23,800.2599
1990-05-30,801.7215
1990-06-06,802.8272
1990-06-13,803.8028
1990-06-20,806.0854
1990-06-27,807.7997
1990-07-04,809.4268
1990-07-11,812.2389
1990-07-18,814.5471
1990-07-25,815.8305
1990-08-01,817.9156
1990-08-08,818.7305
1990-08-15,818.975
1990-08-22,819.7875
1990-08-29,819.5838
1990-09-05,819.9295
1990-09-12,822.143
1990-09-19,823.6321
1990-09-26,824.7334
1990-10-03,825.4924
1990-10-10,827.1954
1990-10-17,829.1108
1990-10-24,830.5048
1990-10-31,831.014
1990-11-07,832.7675
1990-11-14,833.2405
1990-11-21,835.53
1990-11-28,834.8164
1990-12-05,838.7505
1990-12-12,839.0466
1990-12-19,844.0307
1990-12-26,843.7936
1991-01-02,841.9808
1991-01-09,844.418
1991-01-16,846.1764
1991-01-23,847.9021
1991-01-30,848.4861
1991-02-06,849.2487
1991-02-13,849.7279
1991-02-20,852.8456
1991-02-27,854.5664
1991-03-06,855.1927
1991-03-13,856.7375
1991-03-20,858.2529
1991-03-27,858.2465
1991-04-03,858.6494
1991-04-10,859.987
1991-04-17,859.996
1991-04-24,861.9782
1991-05-01,861.4335
1991-05-08,861.6752
1991-05-15,860.9114
1991-05-22,862.6396
1991-05-29,863.7562
1991-06-05,865.6713
1991-06-12,865.7322
1991-06-19,866.1839
1991-06-26,866.0763
1991-07-03,865.5461
1991-07-10,866.2039
1991-07-17,863.9141
1991-07-24,864.809
1991-07-31,862.616
1991-08-07,862.8222
1991-08-14,863.6259
1991-08-21,864.2736
1991-08-28,863.9243
1991-09-04,864.4306
1991-09-11,864.8723
1991-09-18,863.7268
1991-09-25,864.0144
1991-10-02,864.57
1991-10-09,864.9047
1991-10-16,864.8736
1991-10-23,866.4788
1991-10-30,866.9218
1991-11-06,866.4132
1991-11-13,866.7737
1991-11-20,867.9843
1991-11-27,867.4549
1991-12-04,867.1663
1991-12-11,867.3667
1991-12-18,867.7622
1991-12-25,868.4157
1992-01-01,869.6827
1992-01-08,869.8435
1992-01-15,869.4107
1992-01-22,870.8131
1992-01-29,873.0959
1992-02-05,873.8535
1992-02-12,873.7487
1992-02-19,873.4505
1992-02-26,873.0202
1992-03-04,872.9154
1992-03-11,874.2208
1992-03-18,873.4693
1992-03-25,872.9991
1992-04-01,879.8581
1992-04-08,879.8573
1992-04-15,881.4022
1992-04-22,881.1168
1992-04-29,882.1392
1992-05-06,883.0357
1992-05-13,883.0952
1992-05-20,882.4662
1992-05-27,879.7381
1992-06-03,879.7895
1992-06-10,880.605
1992-06-17,879.5221
1992-06-24,878.41
1992-07-01,878.7813
1992-07-08,878.4371
1992-07-15,877.5899
1992-07-22,878.3847
1992-07-29,879.5348
1992-08-05,880.2612
1992-08-12,879.7165
1992-08-19,879.4016
1992-08-26,880.3717
1992-09-02,881.8085
1992-09-09,882.3191
1992-09-16,882.4026
1992-09-23,883.3539
1992-09-30,883.8206
1992-10-07,885.5135
1992-10-14,884.8934
1992-10-21,885.056
1992-10-28,886.7911
1992-11-04,887.5208
1992-11-11,888.3269
1992-11-18,886.9271
1992-11-25,886.5928
1992-12-02,885.9236
1992-12-09,887.953
1992-12-16,888.2188
1992-12-23,888.1103
1992-12-30,887.7561
1993-01-06,885.717
1993-01-13,887.243
1993-01-20,886.2133
1993-01-27,885.1749
1993-02-03,886.1479
1993-02-10,886.9428
1993-02-17,886.6344
1993-02-24,886.4915
1993-03-03,888.9737
1993-03-10,889.125
1993-03-17,887.9727
1993-03-24,889.7242
1993-03-31,892.9396
1993-04-07,891.8402
1993-04-14,892.2555
1993-04-21,891.8806
1993-04-28,893.9791
1993-05-05,895.7706
1993-05-12,897.6718
1993-05-19,897.2257
1993-05-26,899.0207
1993-06-02,901.2092
1993-06-09,901.9119
1993-06-16,902.3513
1993-06-23,900.9652
1993-06-30,904.4599
1993-07-07,904.4688
1993-07-14,904.0458
1993-07-21,903.7122
1993-07-28,904.6592
1993-08-04,906.395
1993-08-11,907.3887
1993-08-18,906.5387
1993-08-25,906.7597
1993-09-01,909.2545
1993-09-08,910.3052
1993-09-15,910.2708
1993-09-22,909.7575
1993-09-29,912.2625
1993-10-06,913.2972
1993-10-13,915.5484
1993-10-20,915.3582
1993-10-27,914.6755
1993-11-03,915.1821
1993-11-10,917.4491
1993-11-17,917.2048
1993-11-24,918.4132
1993-12-01,926.4741
1993-12-08,927.6638
1993-12-15,929.668
1993-12-22,926.8797
1993-12-29,930.2259
1994-01-05,929.8526
1994-01-12,930.7228
1994-01-19,928.7623
1994-01-26,928.3797
1994-02-02,930.402
1994-02-09,930.5656
1994-02-16,929.5174
1994-02-23,928.1798
1994-03-02,929.9274
1994-03-09,930.9055
1994-03-16,931.5293
1994-03-23,931.8144
1994-03-30,933.3455
1994-04-06,935.0273
1994-04-13,936.3914
1994-04-20,935.3142
1994-04-27,934.4473
1994-05-04,937.4225
1994-05-11,938.9527
1994-05-18,938.4432
1994-05-25,940.3855
1994-06-01,943.0282
1994-06-08,943.2114
1994-06-15,943.9212
1994-06-22,943.7736
1994-06-29,947.4804
1994-07-06,948.0849
1994-07-13,950.5928
1994-07-20,951.9714
1994-07-27,953.0478
1994-08-03,954.1199
1994-08-10,954.2844
1994-08-17,957.2246
1994-08-24,958.5681
1994-08-31,961.3816
1994-09-07,961.2583
1994-09-14,963.758
1994-09-21,966.7413
1994-09-28,967.4851
1994-10-05,969.4664
1994-10-12,969.8043
1994-10-19,971.1942
1994-10-26,971.579
1994-11-02,974.5321
1994-11-09,974.6639
1994-11-16,977.5594
1994-11-23,979.4895
1994-11-30,980.2653
1994-12-07,983.7979
1994-12-14,985.6044
1994-12-21,990.0062
1994-12-28,990.5136
1995-01-04,990.7058
1995-01-11,993.1543
1995-01-18,996.3517
1995-01-25,999.7888
1995-02-01,1002.5915
1995-02-08,1002.2636
1995-02-15,1004.3512
1995-02-22,1008.7847
1995-03-01,1010.4474
1995-03-08,1009.4723
1995-03-15,1012.2766
1995-03-22,1015.8133
1995-03-29,1016.5204
1995-04-05,1015.9582
1995-04-12,1016.8293
1995-04-19,1020.2956
1995-04-26,1022.7002
1995-05-03,1024.1511
1995-05-10,1025.0149
1995-05-17,1026.7067
1995-05-24,1029.914
1995-05-31,1030.9144
1995-06-07,1031.7913
1995-06-14,1032.6249
1995-06-21,1036.4249
1995-06-28,1038.2832
1995-07-05,1039.928
1995-07-12,1043.036
1995-07-19,1045.6042
1995-07-26,1046.2276
1995-08-02,1047.232
1995-08-09,1046.4109
1995-08-16,1048.6128
1995-08-23,1051.107
1995-08-30,1051.4257
1995-09-06,1051.2626
1995-09-13,1053.4748
1995-09-20,1056.2019
1995-09-27,1057.0806
1995-10-04,1056.187
1995-10-11,1056.0297
1995-10-18,1056.3068
1995-10-25,1058.6335
1995-11-01,1058.647
1995-11-08,1060.1334
1995-11-15,1060.5279
1995-11-22,1062.1683
1995-11-29,1060.4963
1995-12-06,1059.9899
1995-12-13,1060.1529
1995-12-20,1063.7829
1995-12-27,1062.7231
1996-01-03,1064.0928
1996-01-10,1067.1876
1996-01-17,1067.8586
1996-01-24,1069.5655
1996-01-31,1070.7952
1996-02-07,1068.5484
1996-02-14,1069.7974
1996-02-21,1073.42
1996-02-28,1073.9612
1996-03-06,1074.1017
1996-03-13,1076.7668
1996-03-20,1078.8498
1996-03-27,1080.1313
1996-04-03,1076.4241
1996-04-10,1077.4156
1996-04-17,1080.6243
1996-04-24,1080.8322
1996-05-01,1079.6346
1996-05-08,1079.473
1996-05-15,1081.6485
1996-05-22,1083.5956
1996-05-29,1082.0206
1996-06-05,1081.9494
1996-06-12,1084.3777
1996-06-19,1086.0023
1996-06-26,1086.6147
1996-07-03,1083.7798
1996-07-10,1084.0938
1996-07-17,1077.7204
1996-07-24,1079.938
1996-07-31,1079.8391
1996-08-07,1084.3772
1996-08-14,1087.5756
1996-08-21,1092.4607
1996-08-28,1091.656
1996-09-04,1091.9577
1996-09-11,1094.7192
1996-09-18,1092.724
1996-09-25,1099.3052
1996-10-02,1102.159
1996-10-09,1102.5279
1996-10-16,1104.5976
1996-10-23,1106.8217
1996-10-30,1106.473
1996-11-06,1105.134
1996-11-13,1106.3587
1996-11-20,1115.1312
1996-11-27,1116.7557
1996-12-04,1120.3038
1996-12-11,1118.6423
1996-12-18,1122.6241
1996-12-25,1124.0725
1997-01-01,1128.7578
1997-01-08,1127.3423
1997-01-15,1127.6158
1997-01-22,1131.073
1997-01-29,1133.6107
1997-02-05,1132.9281
1997-02-12,1133.6221
1997-02-19,1135.5387
1997-02-26,1135.4989
1997-03-05,1142.9016
1997-03-12,1146.0214
1997-03-19,1147.5941
1997-03-26,1150.3545
1997-04-02,1151.7531
1997-04-09,1157.0632
1997-04-16,1158.6255
1997-04-23,1162.4718
1997-04-30,1166.9319
1997-05-07,1166.6987
1997-05-14,1168.0466
1997-05-21,1173.6994
1997-05-28,1176.2778
1997-06-04,1180.2565
1997-06-11,1181.4495
1997-06-18,1183.8863
1997-06-25,1185.1081
1997-07-02,1186.8507
1997-07-09,1187.2305
1997-07-16,1188.8679
1997-07-23,1193.0367
1997-07-30,1193.5123
1997-08-06,1193.1252
1997-08-13,1191.9957
1997-08-20,1198.18
1997-08-27,1198.697
1997-09-03,1203.2714
1997-09-10,1206.1311
1997-09-17,1207.8174
1997-09-24,1208.0327
1997-10-01,1213.9063
1997-10-08,1214.418
1997-10-15,1212.8279
1997-10-22,1215.9788
1997-10-29,1215.8135
1997-11-05,1218.2199
1997-11-12,1221.0205
1997-11-19,1218.7557
1997-11-26,1219.4917
1997-12-03,1217.8168
1997-12-10,1219.7313
1997-12-17,1220.4919
1997-12-24,1221.826
1997-12-31,1221.5896
1998-01-07,1223.0336
1998-01-14,1221.3708
1998-01-21,1225.9731
1998-01-28,1226.0476
1998-02-04,1228.8066
1998-02-11,1235.6986
1998-02-18,1238.2028
1998-02-25,1241.1405
1998-03-04,1244.5179
1998-03-11,1249.192
1998-03-18,1251.0968
1998-03-25,1254.2262
1998-04-01,1260.5417
1998-04-08,1260.6421
1998-04-15,1257.9813
1998-04-22,1255.4117
1998-04-29,1261.4159
1998-05-06,1261.2395
1998-05-13,1260.693
1998-05-20,1255.9907
1998-05-27,1261.457
1998-06-03,1259.7861
1998-06-10,1257.7853
1998-06-17,1260.1326
1998-06-24,1262.4864
1998-07-01,1264.6396
1998-07-08,1265.8541
1998-07-15,1264.0929
1998-07-22,1263.4995
1998-07-29,1267.6013
1998-08-05,1270.7238
1998-08-12,1274.2686
1998-08-19,1267.3845
1998-08-26,1272.9891
1998-09-02,1276.2423
1998-09-09,1274.3428
1998-09-16,1273.5512
1998-09-23,1274.0324
1998-09-30,1278.0842
1998-10-07,1279.1383
1998-10-14,1278.9674
1998-10-21,1281.5702
1998-10-28,1290.0213
1998-11-04,1297.1861
1998-11-11,1301.7192
1998-11-18,1298.1416
1998-11-25,1305.1676
1998-12-02,1309.9728
1998-12-09,1314.9816
1998-12-16,1307.386
1998-12-23,1308.4096
1998-12-30,1314.1097
1999-01-06,1315.8972
1999-01-13,1321.5003
1999-01-20,1316.7418
1999-01-27,1314.2181
1999-02-03,1320.4606
1999-02-10,1322.4767
1999-02-17,1320.5368
1999-02-24,1316.41
1999-03-03,1322.1624
1999-03-10,1327.3884
1999-03-17,1327.7594
1999-03-24,1323.855
1999-03-31,1327.5038
1999-04-07,1331.1261
1999-04-14,1329.9012
1999-04-21,1335.5327
1999-04-28,1330.9742
1999-05-05,1334.1707
1999-05-12,1341.1631
1999-05-19,1343.1917
1999-05-26,1341.0198
1999-06-02,1344.8623
1999-06-09,1347.5848
1999-06-16,1348.5952
1999-06-23,1347.8568
1999-06-30,1345.0934
1999-07-07,1345.9395
1999-07-14,1349.5295
1999-07-21,1358.8702
1999-07-28,1359.5721
1999-08-04,1362.7079
1999-08-11,1366.6059
1999-08-18,1372.7938
1999-08-25,1372.096
1999-09-01,1374.321
1999-09-08,1374.8321
1999-09-15,1377.6083
1999-09-22,1400.1564
1999-09-29,1402.2856
1999-10-06,1403.9413
1999-10-13,1409.3953
1999-10-20,1413.6927
1999-10-27,1415.2773
1999-11-03,1416.5207
1999-11-10,1418.2266
1999-11-17,1424.5506
1999-11-24,1427.8251
1999-12-01,1432.7682
1999-12-08,1448.0733
1999-12-15,1455.7741
1999-12-22,1467.0734
1999-12-29,1469.8804
2000-01-05,1474.3741
2000-01-12,1478.2899
2000-01-19,1486.0702
2000-01-26,1483.4914
2000-02-02,1480.7928
2000-02-09,1481.3723
2000-02-16,1487.5195
2000-02-23,1496.3002
2000-03-01,1506.871
2000-03-08,1507.0858
2000-03-15,1516.0768
2000-03-22,1523.1394
2000-03-29,1521.8484
2000-04-05,1531.1033
2000-04-12,1534.5226
2000-04-19,1541.569
2000-04-26,1547.8958
2000-05-03,1553.6523
2000-05-10,1556.6766
2000-05-17,1562.2326
2000-05-24,1570.9706
2000-05-31,1575.0576
2000-06-07,1576.0903
2000-06-14,1580.881
2000-06-21,1588.4434
2000-06-28,1593.7135
2000-07-05,1592.6815
2000-07-12,1595.8553
2000-07-19,1601.6985
2000-07-26,1604.8189
2000-08-02,1607.6896
2000-08-09,1606.4397
2000-08-16,1611.4689
2000-08-23,1618.6538
2000-08-30,1620.0819
2000-09-06,1620.1573
2000-09-13,1622.8994
2000-09-20,1628.9779
2000-09-27,1627.0395
2000-10-04,1621.1492
2000-10-11,1621.2571
2000-10-18,1625.1456
2000-10-25,1626.7699
2000-11-01,1630.5179
2000-11-08,1629.5992
2000-11-15,1632.2794
2000-11-22,1639.3645
2000-11-29,1637.9677
2000-12-06,1639.2218
2000-12-13,1633.2026
2000-12-20,1640.3366
2000-12-27,1642.4761
2001-01-03,1637.6909
2001-01-10,1636.2966
2001-01-17,1636.6726
2001-01-24,1642.996
2001-01-31,1651.7219
2001-02-07,1647.0135
2001-02-14,1648.8723
2001-02-21,1656.5711
2001-02-28,1666.9112
2001-03-07,1665.3505
2001-03-14,1660.2306
2001-03-21,1670.37
2001-03-28,1672.9787
2001-04-04,1675.9086
2001-04-11,1682.5974
2001-04-18,1682.9222
2001-04-25,1681.4714
2001-05-02,1689.6159
2001-05-09,1692.2933
2001-05-16,1692.6771
2001-05-23,1694.2051
2001-05-30,1702.6594
2001-06-06,1700.381
2001-06-13,1696.9387
2001-06-20,1698.3755
2001-06-27,1704.9037
2001-07-04,1699.3799
2001-07-11,1702.9162
2001-07-18,1703.567
2001-07-25,1701.8099
2001-08-01,1703.9668
2001-08-08,1700.8579
2001-08-15,1703.399
2001-08-22,1704.5978
2001-08-29,1706.1663
2001-09-05,1708.4755
2001-09-12,1714.551
2001-09-19,1718.5411
2001-09-26,1717.5821
2001-10-03,1708.0481
2001-10-10,1710.9481
2001-10-17,1715.8668
2001-10-24,1718.2634
2001-10-31,1727.6574
2001-11-07,1728.5774
2001-11-14,1735.7726
2001-11-21,1742.6455
2001-11-28,1745.5521
2001-12-05,1754.3942
2001-12-12,1766.9984
2001-12-19,1758.7782
2001-12-26,1752.4265
2002-01-02,1754.3063
2002-01-09,1750.624
2002-01-16,1754.3554
2002-01-23,1757.5993
2002-01-30,1758.0188
2002-02-06,1764.6613
2002-02-13,1767.1536
2002-02-20,1769.7678
2002-02-27,1765.1709
2002-03-06,1763.3717
2002-03-13,1766.8061
2002-03-20,1773.1861
2002-03-27,1777.0545
2002-04-03,1776.8754
2002-04-10,1782.6176
2002-04-17,1780.7543
2002-04-24,1785.4436
2002-05-01,1783.9545
2002-05-08,1783.8638
2002-05-15,1787.2477
2002-05-22,1793.8946
2002-05-29,1795.505
2002-06-05,1801.6768
2002-06-12,1813.8172
2002-06-19,1820.6654
2002-06-26,1823.5284
2002-07-03,1826.2513
2002-07-10,1831.9204
2002-07-17,1833.1927
2002-07-24,1842.6199
2002-07-31,1845.2222
2002-08-07,1852.0825
2002-08-14,1863.9916
2002-08-21,1867.9593
2002-08-28,1877.522
2002-09-04,1882.8567
2002-09-11,1893.2684
2002-09-18,1903.1907
2002-09-25,1902.4283
2002-10-02,1926.4717
2002-10-09,1938.5655
2002-10-16,1942.2515
2002-10-23,1949.3171
2002-10-30,1959.476
2002-11-06,1969.6147
2002-11-13,1984.4502
2002-11-20,1974.6398
2002-11-27,1986.7299
2002-12-04,1993.7904
2002-12-11,2007.914
2002-12-18,2008.0458
2002-12-25,2012.2485
2003-01-01,2021.2128
2003-01-08,2026.5209
2003-01-15,2028.5367
2003-01-22,2033.1975
2003-01-29,2041.9713
2003-02-05,2056.304
2003-02-12,2068.6628
2003-02-19,2066.0006
2003-02-26,2073.5663
2003-03-05,2080.0437
2003-03-12,2092.4145
2003-03-19,2081.8646
2003-03-26,2076.9764
2003-04-02,2085.2195
2003-04-09,2102.004
2003-04-16,2107.4005
2003-04-23,2108.1826
2003-04-30,2117.4572
2003-05-07,2130.3409
2003-05-14,2134.7534
2003-05-21,2130.1129
2003-05-28,2126.5412
2003-06-04,2140.702
2003-06-11,2155.6565
2003-06-18,2147.8517
2003-06-25,2142.4926
2003-07-02,2169.2915
2003-07-09,2175.4467
2003-07-16,2171.8343
2003-07-23,2171.806
2003-07-30,2189.6053
2003-08-06,2216.4957
2003-08-13,2216.2373
2003-08-20,2221.3244
2003-08-27,2221.5362
2003-09-03,2237.9015
2003-09-10,2249.7296
2003-09-17,2241.542
2003-09-24,2220.7956
2003-10-01,2226.5344
2003-10-08,2224.9122
2003-10-15,2222.9327
2003-10-22,2206.3404
2003-10-29,2198.8622
2003-11-05,2205.4059
2003-11-12,2204.8399
2003-11-19,2201.6563
2003-11-26,2201.0568
2003-12-03,2199.1501
2003-12-10,2201.4039
2003-12-17,2203.3938
2003-12-24,2208.4802
2003-12-31,2219.335
2004-01-07,2215.3887
2004-01-14,2217.13
2004-01-21,2227.2476
2004-01-28,2232.0872
2004-02-04,2236.8293
2004-02-11,2246.0876
2004-02-18,2255.2008
2004-02-25,2256.5403
2004-03-03,2264.1553
2004-03-10,2274.9765
2004-03-17,2287.3311
2004-03-24,2292.9258
2004-03-31,2310.1926
2004-04-07,2316.6085
2004-04-14,2341.8908
2004-04-21,2352.8413
2004-04-28,2355.3341
2004-05-05,2367.8448
2004-05-12,2383.291
2004-05-19,2382.9715
2004-05-26,2387.2257
2004-06-02,2397.7322
2004-06-09,2405.2904
2004-06-16,2412.0463
2004-06-23,2414.5
2004-06-30,2411.0482
2004-07-07,2404.5278
2004-07-14,2418.4741
2004-07-21,2419.0749
2004-07-28,2412.5375
2004-08-04,2416.9298
2004-08-11,2429.0941
2004-08-18,2438.3608
2004-08-25,2443.3933
2004-09-01,2452.5008
2004-09-08,2451.3279
2004-09-15,2462.2012
2004-09-22,2477.5279
2004-09-29,2475.1722
2004-10-06,2479.2085
2004-10-13,2488.6994
2004-10-20,2499.1524
2004-10-27,2504.5471
2004-11-03,2511.2752
2004-11-10,2516.2181
2004-11-17,2530.9304
2004-11-24,2531.0119
2004-12-01,2534.9561
2004-12-08,2540.9045
2004-12-15,2549.8814
2004-12-22,2558.7903
2004-12-29,2560.6327
2005-01-05,2563.2919
2005-01-12,2572.8041
2005-01-19,2578.3837
2005-01-26,2579.6329
2005-02-02,2584.0505
2005-02-09,2588.673
2005-02-16,2595.1586
2005-02-23,2621.6825
2005-03-02,2630.8901
2005-03-09,2636.3064
2005-03-16,2647.0019
2005-03-23,2657.1786
2005-03-30,2662.0727
2005-04-06,2675.1962
2005-04-13,2674.1646
2005-04-20,2687.2229
2005-04-27,2686.6985
2005-05-04,2683.8276
2005-05-11,2685.8752
2005-05-18,2692.1944
2005-05-25,2703.3597
2005-06-01,2711.758
2005-06-08,2716.8681
2005-06-15,2727.5156
2005-06-22,2742.8773
2005-06-29,2745.9227
2005-07-06,2760.2359
2005-07-13,2772.1945
2005-07-20,2786.4842
2005-07-27,2792.1134
2005-08-03,2805.5375
2005-08-10,2811.0204
2005-08-17,2821.1264
2005-08-24,2831.4978
2005-08-31,2839.9905
2005-09-07,2840.8935
2005-09-14,2838.4424
2005-09-21,2845.9246
2005-09-28,2851.6957
2005-10-05,2858.6782
2005-10-12,2863.3225
2005-10-19,2871.0592
2005-10-26,2879.6332
2005-11-02,2875.9687
2005-11-09,2885.085
2005-11-16,2889.0282
2005-11-23,2904.7372
2005-11-30,2904.0294
2005-12-07,2917.6009
2005-12-14,2923.9933
2005-12-21,2924.7883
2005-12-28,2932.9644
2006-01-04,2934.4426
2006-01-11,2938.6364
2006-01-18,2941.4011
2006-01-25,2950.145
2006-02-01,2956.1789
2006-02-08,2960.1934
2006-02-15,2970.9793
2006-02-22,2982.7252
2006-03-01,2978.4076
2006-03-08,2978.7668
2006-03-15,2989.5146
2006-03-22,3003.2765
2006-03-29,3016.3315
2006-04-05,3018.8563
2006-04-12,3015.8586
2006-04-19,3035.4657
2006-04-26,3042.6966
2006-05-03,3040.9749
2006-05-10,3044.5601
2006-05-17,3055.1538
2006-05-24,3068.8909
2006-05-31,3073.2931
2006-06-07,3075.5376
2006-06-14,3078.9743
2006-06-21,3101.1141
2006-06-28,3111.9915
2006-07-05,3106.9762
2006-07-12,3115.6152
2006-07-19,3125.0774
2006-07-26,3128.9335
2006-08-02,3125.5957
2006-08-09,3121.381
2006-08-16,3129.5433
2006-08-23,3138.7808
2006-08-30,3131.7276
2006-09-06,3130.2111
2006-09-13,3125.1327
2006-09-20,3149.1901
2006-09-27,3165.6528
2006-10-04,3293.8872
2006-10-11,3299.8275
2006-10-18,3309.2271
2006-10-25,3316.8232
2006-11-01,3313.9056
2006-11-08,3316.5743
2006-11-15,3329.5617
2006-11-22,3343.2122
2006-11-29,3354.6333
2006-12-06,3346.8047
2006-12-13,3348.0328
2006-12-20,3392.1936
2006-12-27,3395.0573
2007-01-03,3371.8459
2007-01-10,3381.4024
2007-01-17,3387.3542
2007-01-24,3404.3437
2007-01-31,3411.9759
2007-02-07,3404.9713
2007-02-14,3422.3161
2007-02-21,3435.3112
2007-02-28,3423.7573
2007-03-07,3407.1346
2007-03-14,3333.3661
2007-03-21,3350.4073
2007-03-28,3359.0854
2007-04-04,3369.2807
2007-04-11,3382.8134
2007-04-18,3391.6487
2007-04-25,3401.6942
2007-05-02,3402.6831
2007-05-09,3401.486
2007-05-16,3403.834
2007-05-23,3418.3928
2007-05-30,3417.6296
2007-06-06,3415.4925
2007-06-13,3412.2849
2007-06-20,3435.6857
2007-06-27,3440.9022
2007-07-04,3438.3533
2007-07-11,3444.4016
2007-07-18,3444.9925
2007-07-25,3452.9323
2007-08-01,3456.7529
2007-08-08,3457.6074
2007-08-15,3456.8995
2007-08-22,3475.8044
2007-08-29,3484.1775
2007-09-05,3488.9994
2007-09-12,3502.5593
2007-09-19,3502.2773
2007-09-26,3515.5138
2007-10-03,3502.3115
2007-10-10,3504.7662
2007-10-17,3572.0586
2007-10-24,3588.4942
2007-10-31,3591.3703
2007-11-07,3591.8825
2007-11-14,3573.0398
2007-11-21,3585.6465
2007-11-28,3590.818
2007-12-05,3593.7337
2007-12-12,3585.3575
2007-12-19,3598.509
2007-12-26,3608.9204
2008-01-02,3611.1344
2008-01-09,3610.7818
2008-01-16,3606.1476
2008-01-23,3615.7941
2008-01-30,3621.2942
2008-02-06,3618.3978
2008-02-13,3618.4528
2008-02-20,3635.8618
2008-02-27,3641.6897
2008-03-05,3632.8643
2008-03-12,3634.4756
2008-03-19,3659.9663
2008-03-26,3653.499
2008-04-02,3655.3286
2008-04-09,3661.18
2008-04-16,3663.755
2008-04-23,3658.1608
2008-04-30,3659.626
2008-05-07,3651.279
2008-05-14,3648.8179
2008-05-21,3656.6989
2008-05-28,3646.8022
2008-06-04,3642.0225
2008-06-11,3649.9688
2008-06-18,3641.8614
2008-06-25,3624.4149
2008-07-02,3626.5817
2008-07-09,3624.0265
2008-07-16,3627.9379
2008-07-23,3638.6056
2008-07-30,3631.9507
2008-08-06,3624.9768
2008-08-13,3623.4444
2008-08-20,3638.2977
2008-08-27,3636.127
2008-09-03,3628.4692
2008-09-10,3627.161
2008-09-17,3633.4733
2008-09-24,3631.7584
2008-10-01,3823.0977
2008-10-08,3815.4045
2008-10-15,3828.0889
2008-10-22,3834.3762
2008-10-29,3829.2242
2008-11-05,3820.9429
2008-11-12,3828.0701
2008-11-19,3819.6311
2008-11-26,3831.139
2008-12-03,3828.6745
2008-12-10,3829.9596
2008-12-17,3827.8907
2008-12-24,3814.788
2008-12-31,3800.3588
2009-01-07,3790.0418
2009-01-14,3793.1981
2009-01-21,3803.8192
2009-01-28,3810.453
2009-02-04,3817.5389
2009-02-11,3828.1932
2009-02-18,3827.0194
2009-02-25,3823.0047
2009-03-04,3831.9237
2009-03-11,3844.0113
2009-03-18,3811.0345
2009-03-25,3819.4792
2009-04-01,3823.8382
2009-04-08,3825.3853
2009-04-15,3819.9055
2009-04-22,3810.6563
2009-04-29,3899.3055
2009-05-06,3896.6454
2009-05-13,3873.2877
2009-05-20,3866.3484
2009-05-27,3874.6178
2009-06-03,3883.1541
2009-06-10,3878.7644
2009-06-17,3847.8235
2009-06-24,3846.6007
2009-07-01,3857.7425
2009-07-08,3856.5981
2009-07-15,3842.2928
2009-07-22,3827.4044
2009-07-29,3830.2947
2009-08-05,3835.3048
2009-08-12,3838.5672
2009-08-19,3811.0594
2009-08-26,3798.2183
2009-09-02,3787.6388
2009-09-09,3786.764
2009-09-16,3770.5916
2009-09-23,3753.7713
2009-09-30,3753.5039
2009-10-07,3750.7962
2009-10-14,3739.2793
2009-10-21,3727.6782
2009-10-28,3725.5723
2009-11-04,3810.9725
2009-11-11,3815.3788
2009-11-18,3804.1036
2009-11-25,3795.0367
2009-12-02,3797.0969
2009-12-09,3794.3998
2009-12-16,3783.3114
2009-12-23,3757.1543
2009-12-30,3767.7719
2010-01-06,3769.9218
2010-01-13,3762.3921
2010-01-20,3766.4855
2010-01-27,3744.5936
2010-02-03,3738.5805
2010-02-10,3737.6516
2010-02-17,3715.6725
2010-02-24,3711.3821
2010-03-03,3704.7859
2010-03-10,3705.0758
2010-03-17,3698.9075
2010-03-24,3692.6142
2010-03-31,3720.2117
2010-04-07,3715.9331
2010-04-14,3717.2178
2010-04-21,3712.5953
2010-04-28,3710.6141
2010-05-05,3705.5554
2010-05-12,3711.9615
2010-05-19,3701.6851
2010-05-26,3688.0676
2010-06-02,3688.0841
2010-06-09,3685.3781
2010-06-16,3685.596
2010-06-23,3676.4569
2010-06-30,3680.3089
2010-07-07,3675.4512
2010-07-14,3664.5728
2010-07-21,3657.7624
2010-07-28,3652.8595
2010-08-04,3656.868
2010-08-11,3661.4312
2010-08-18,3653.4513
2010-08-25,3648.7468
2010-09-01,3660.9917
2010-09-08,3658.1592
2010-09-15,3640.9803
2010-09-22,3635.8493
2010-09-29,3637.0503
2010-10-06,3642.3506
2010-10-13,3624.265
2010-10-20,3620.6949
2010-10-27,3625.0669
2010-11-03,3635.419
2010-11-10,3613.1157
2010-11-17,3623.0439
2010-11-24,3622.747
2010-12-01,3625.5621
2010-12-08,3630.4727
2010-12-15,3618.5662
2010-12-22,3602.7161
2010-12-29,3602.1422
2011-01-05,3607.9738
2011-01-12,3623.6627
2011-01-19,3601.6892
2011-01-26,3588.5329
2011-02-02,3590.2297
2011-02-09,3587.9161
2011-02-16,3566.225
2011-02-23,3561.9841
2011-03-02,3553.5372
2011-03-09,3553.6759
2011-03-16,3541.0658
2011-03-23,3536.2899
2011-03-30,3526.1707
2011-04-06,3528.6047
2011-04-13,3517.8387
2011-04-20,3522.4718
2011-04-27,3518.7927
2011-05-04,3514.8796
2011-05-11,3516.5273
2011-05-18,3500.2234
2011-05-25,3503.7763
2011-06-01,3507.21
2011-06-08,3501.556
2011-06-15,3504.5117
2011-06-22,3504.0327
2011-06-29,3494.2292
2011-07-06,3496.5388
2011-07-13,3504.2418
2011-07-20,3497.055
2011-07-27,3496.8203
2011-08-03,3492.8541
2011-08-10,3494.4896
2011-08-17,3492.8008
2011-08-24,3489.7928
2011-08-31,3494.651
2011-09-07,3491.693
2011-09-14,3485.6222
2011-09-21,3487.8294
2011-09-28,3493.8475
2011-10-05,3494.3087
2011-10-12,3503.9148
2011-10-19,3500.8293
2011-10-26,3493.7386
2011-11-02,3502.1124
2011-11-09,3512.0317
2011-11-16,3513.4407
2011-11-23,3492.8537
2011-11-30,3497.5361
2011-12-07,3504.7818
2011-12-14,3494.0031
2011-12-21,3478.8161
2011-12-28,3495.837
2012-01-04,3509.9376
2012-01-11,3514.3078
2012-01-18,3498.8837
2012-01-25,3494.5397
2012-02-01,3540.4111
2012-02-08,3539.4114
2012-02-15,3538.043
2012-02-22,3534.8353
2012-02-29,3545.4117
2012-03-07,3550.4713
2012-03-14,3545.5011
2012-03-21,3540.7121
2012-03-28,3544.3403
2012-04-04,3532.855
2012-04-11,3542.8593
2012-04-18,3546.609
2012-04-25,3535.7609
2012-05-02,3541.3084
2012-05-09,3545.2334
2012-05-16,3545.7309
2012-05-23,3532.2
2012-05-30,3531.8488
2012-06-06,3538.8729
2012-06-13,3524.8151
2012-06-20,3523.6298
2012-06-27,3529.6939
2012-07-04,3525.1342
2012-07-11,3529.6835
2012-07-18,3524.4733
2012-07-25,3522.6068
2012-08-01,3527.0198
2012-08-08,3533.3344
2012-08-15,3526.7993
2012-08-22,3519.7434
2012-08-29,3528.4157
2012-09-05,3527.4823
2012-09-12,3544.2077
2012-09-19,3533.2965
2012-09-26,3519.7494
2012-10-03,3528.892
2012-10-10,3534.9915
2012-10-17,3524.588
2012-10-24,3522.1039
2012-10-31,3527.8458
2012-11-07,3567.2917
2012-11-14,3554.796
2012-11-21,3546.0226
2012-11-28,3553.8004
2012-12-05,3540.5464
2012-12-12,3538.4858
2012-12-19,3554.6882
2012-12-26,3557.3807
2013-01-02,3563.1582
2013-01-09,3564.3128
2013-01-16,3559.448
2013-01-23,3552.9149
2013-01-30,3561.9589
2013-02-06,3563.0068
2013-02-13,3553.4162
2013-02-20,3544.6048
2013-02-27,3554.8943
2013-03-06,3556.8653
2013-03-13,3547.684
2013-03-20,3544.8139
2013-03-27,3544.1724
2013-04-03,3554.8905
2013-04-10,3564.4805
2013-04-17,3549.457
2013-04-24,3544.3692
2013-05-01,3551.4673
2013-05-08,3549.969
2013-05-15,3546.9164
2013-05-22,3541.9397
2013-05-29,3542.5447
2013-06-05,3541.4902
2013-06-12,3552.4085
2013-06-19,3549.8467
2013-06-26,3535.2826
2013-07-03,3538.7208
2013-07-10,3538.5793
2013-07-17,3543.6625
2013-07-24,3532.7201
2013-07-31,3536.7992
2013-08-07,3536.4324
2013-08-14,3523.2369
2013-08-21,3526.4888
2013-08-28,3526.1109
2013-09-04,3528.3356
2013-09-11,3531.0147
2013-09-18,3528.381
2013-09-25,3523.7143
2013-10-02,3525.5634
2013-10-09,3524.222
2013-10-16,3523.612
2013-10-23,3524.3909
2013-10-30,3524.9628
2013-11-06,3525.6094
2013-11-13,3522.0464
2013-11-20,3537.4286
2013-11-27,3531.3394
2013-12-04,3528.21
2013-12-11,3525.6827
2013-12-18,3536.1099
2013-12-25,3533.4968
2014-01-01,3534.4522
2014-01-08,3529.3853
2014-01-15,3532.5521
2014-01-22,3540.2818
2014-01-29,3539.205
2014-02-05,3536.2288
2014-02-12,3547.2827
2014-02-19,3550.9901
2014-02-26,3543.7842
2014-03-05,3549.6674
2014-03-12,3557.3
2014-03-19,3566.377
2014-03-26,3563.8671
2014-04-02,3567.8844
2014-04-09,3567.9843
2014-04-16,3571.8897
2014-04-23,3576.8805
2014-04-30,3579.8633
2014-05-07,3573.611
2014-05-14,3575.9626
2014-05-21,3586.4272
2014-05-28,3586.7372
2014-06-04,3591.7538
2014-06-11,3595.0254
2014-06-18,3600.3088
2014-06-25,3597.5777
2014-07-02,3602.9744
2014-07-09,3596.2213
2014-07-16,3604.7326
2014-07-23,3609.7979
2014-07-30,3611.4156
2014-08-06,3608.2189
2014-08-13,3609.7896
2014-08-20,3627.1947
2014-08-27,3619.5617
2014-09-03,3616.6607
2014-09-10,3617.7798
2014-09-17,3620.2239
2014-09-24,3625.7443
2014-10-01,3617.5436
2014-10-08,3615.9679
2014-10-15,3618.2646
2014-10-22,3630.567
2014-10-29,3620.8553
2014-11-05,3620.1979
2014-11-12,3627.8679
2014-11-19,3629.8605
2014-11-26,3626.1234
2014-12-03,3629.8648
2014-12-10,3631.4087
2014-12-17,3638.1435
2014-12-24,3639.6298
2014-12-31,3649.2382
2015-01-07,3645.1021
2015-01-14,3649.9947
2015-01-21,3656.282
2015-01-28,3661.1867
2015-02-04,3658.2129
2015-02-11,3665.252
2015-02-18,3671.0653
2015-02-25,3693.7596
2015-03-04,3695.8115
2015-03-11,3704.4344
2015-03-18,3713.2398
2015-03-25,3714.2938
2015-04-01,3721.5208
2015-04-08,3720.0025
2015-04-15,3718.3164
2015-04-22,3720.4164
2015-04-29,3721.55
2015-05-06,3720.8981
2015-05-13,3721.6733
2015-05-20,3732.7462
2015-05-27,3735.8063
2015-06-03,3741.2889
2015-06-10,3743.3111
2015-06-17,3747.8301
2015-06-24,3749.2258
2015-07-01,3756.8628
2015-07-08,3756.5357
2015-07-15,3757.1891
2015-07-22,3765.9156
2015-07-29,3768.7542
2015-08-05,3766.0917
2015-08-12,3777.3697
2015-08-19,3782.6382
2015-08-26,3779.0665
2015-09-02,3784.2315
2015-09-09,3785.6906
2015-09-16,3791.3229
2015-09-23,3798.285
2015-09-30,3810.1365
2015-10-07,3804.1414
2015-10-14,3805.2665
2015-10-21,3813.3999
2015-10-28,3817.4386
2015-11-04,3836.0144
2015-11-11,3841.9788
2015-11-18,3849.8692
2015-11-25,3851.2197
2015-12-02,3854.7118
2015-12-09,3859.879
2015-12-16,3868.0288
2015-12-23,3878.1366
2015-12-30,3881.7514
2016-01-06,3882.0269
2016-01-13,3881.6299
2016-01-20,3891.4982
2016-01-27,3899.7681
2016-02-03,3903.1556
2016-02-10,3908.8475
2016-02-17,3916.4467
2016-02-24,3920.4643
2016-03-02,3932.5696
2016-03-09,3937.5465
2016-03-16,3941.9097
2016-03-23,3946.6022
2016-03-30,3951.7053
2016-04-06,3951.0434
2016-04-13,3953.764
2016-04-20,3961.5182
2016-04-27,3968.369
2016-05-04,3973.0454
2016-05-11,3982.471
2016-05-18,3985.8845
2016-05-25,3992.0585
2016-06-01,3994.5402
2016-06-08,3996.8016
2016-06-15,4003.322
2016-06-22,4009.173
2016-06-29,4019.7876
2016-07-06,4022.2842
2016-07-13,4033.4048
2016-07-20,4028.6603
2016-07-27,4035.0039
2016-08-03,4039.5493
2016-08-10,4047.0796
2016-08-17,4051.6479
2016-08-24,4058.9852
2016-08-31,4070.0212
2016-09-07,4068.1913
2016-09-14,4070.1903
2016-09-21,4075.7745
2016-09-28,4082.1705
2016-10-05,4089.5711
2016-10-12,4098.042
2016-10-19,4096.3243
2016-10-26,4098.5988
2016-11-02,4105.732
2016-11-09,4110.3717
2016-11-16,4110.709
2016-11-23,4109.7126
2016-11-30,4112.0729
2016-12-07,4113.3398
2016-12-14,4110.7671
2016-12-21,4116.8437
2016-12-28,4122.9952
2017-01-04,4127.5685
2017-01-11,4137.3113
2017-01-18,4134.5019
2017-01-25,4136.4523
2017-02-01,4141.0784
2017-02-08,4143.1238
2017-02-15,4145.3572
2017-02-22,4145.8743
2017-03-01,4147.9167
2017-03-08,4151.1428
2017-03-15,4154.0938
2017-03-22,4156.6915
2017-03-29,4159.606
2017-04-05,4162.3062
2017-04-12,4163.9554
2017-04-19,4175.7566
2017-04-26,4176.9769
2017-05-03,4178.0676
2017-05-10,4182.7159
2017-05-17,4185.1801
2017-05-24,4191.2667
2017-05-31,4191.1866
2017-06-07,4192.0958
2017-06-14,4191.1917
2017-06-21,4199.1769
2017-06-28,4206.8136
2017-07-05,4206.9096
2017-07-12,4214.3021
2017-07-19,4218.9159
2017-07-26,4220.5965
2017-08-02,4220.015
2017-08-09,4226.8729
2017-08-16,4225.2516
2017-08-23,4230.6453
2017-08-30,4232.8891
2017-09-06,4231.7604
2017-09-13,4221.1753
2017-09-20,4239.7188
2017-09-27,4237.7642
2017-10-04,4247.1115
2017-10-11,4252.9135
2017-10-18,4257.2745
2017-10-25,4260.4673
2017-11-01,4261.4623
2017-11-08,4266.154
2017-11-15,4270.4543
2017-11-22,4276.6479
2017-11-29,4281.1188
2017-12-06,4283.2962
2017-12-13,4280.2331
2017-12-20,4289.6563
2017-12-27,4293.659
2018-01-03,4291.8219
2018-01-10,4297.8114
2018-01-17,4303.3635
2018-01-24,4309.6571
2018-01-31,4310.2074
2018-02-07,4314.3101
2018-02-14,4315.219
2018-02-21,4318.5347
2018-02-28,4324.8982
2018-03-07,4324.915
2018-03-14,4324.6922
2018-03-21,4332.3503
2018-03-28,4338.0726
2018-04-04,4336.1591
2018-04-11,4344.9912
2018-04-18,4343.5343
2018-04-25,4344.8242
2018-05-02,4346.0735
2018-05-09,4347.3611
2018-05-16,4333.9076
2018-05-23,4336.5593
2018-05-30,4341.1297
2018-06-06,4343.4011
2018-06-13,4344.9614
2018-06-20,4357.7095
2018-06-27,4365.6188
2018-07-04,4359.7644
2018-07-11,4360.4133
2018-07-18,4364.7119
2018-07-25,4372.2796
2018-08-01,4367.1228
2018-08-08,4367.4577
2018-08-15,4366.8785
2018-08-22,4375.574
2018-08-29,4381.9456
2018-09-05,4381.8648
2018-09-12,4391.2067
2018-09-19,4395.2288
2018-09-26,4393.902
2018-10-03,4397.6854
2018-10-10,4396.6194
2018-10-17,4400.492
2018-10-24,4403.0265
2018-10-31,4403.5982
2018-11-07,4402.0695
2018-11-14,4405.7784
2018-11-21,4405.3633
2018-11-28,4404.3735
2018-12-05,4401.739
2018-12-12,4413.7644
2018-12-19,4416.8813
2018-12-26,4412.8746
2019-01-02,4424.8002
2019-01-09,4425.092
2019-01-16,4430.9368
2019-01-23,4435.7283
2019-01-30,4433.1841
2019-02-06,4435.1194
2019-02-13,4438.3427
2019-02-20,4450.5588
2019-02-27,4452.7267
2019-03-06,4453.8146
2019-03-13,4455.8642
2019-03-20,4467.5616
2019-03-27,4461.6421
2019-04-03,4467.9725
2019-04-10,4464.5426
2019-04-17,4474.3434
2019-04-24,4480.1961
2019-05-01,4488.2903
2019-05-08,4486.6791
2019-05-15,4491.9334
2019-05-22,4499.0727
2019-05-29,4498.7499
2019-06-05,4498.9145
2019-06-12,4505.5645
2019-06-19,4511.4702
2019-06-26,4506.05
2019-07-03,4508.0219
2019-07-10,4508.0536
2019-07-17,4512.0368
2019-07-24,4520.2098
2019-07-31,4523.5684
2019-08-07,4524.1147
2019-08-14,4524.3225
2019-08-21,4534.5543
2019-08-28,4525.3944
2019-09-04,4527.8048
2019-09-11,4536.1643
2019-09-18,4540.8421
2019-09-25,4549.2844
2019-10-02,4548.8403
2019-10-09,4549.5386
2019-10-16,4557.4682
2019-10-23,4561.7295
2019-10-30,4565.4908
2019-11-06,4569.264
2019-11-13,4568.5828
2019-11-20,4578.2148
2019-11-27,4592.9204
2019-12-04,4592.6978
2019-12-11,4619.9024
2019-12-18,4608.7213
2019-12-25,4613.1464
2020-01-01,4617.8722
2020-01-08,4619.4605
2020-01-15,4619.037
2020-01-22,4624.2844
2020-01-29,4629.902
2020-02-05,4633.8341
2020-02-12,4632.0255
2020-02-19,4639.9358
2020-02-26,4642.5569
2020-03-04,4648.5351
2020-03-11,4658.6109
2020-03-18,4663.2556
2020-03-25,4683.0715
